region,alcohol_sellers
Dolnośląskie,2100
Kujawsko-Pomorskie,1450
Lubelskie,1580
Lubuskie,920
Łódzkie,1890
Małopolskie,1980
Mazowieckie,4123
Opolskie,840
Podkarpackie,1290
Podlaskie,1000
Pomorskie,1760
Śląskie,3340
Świętokrzyskie,980
Warmińsko-Mazurskie,1100
Wielkopolskie,3050
Zachodniopomorskie,1490
