region,fire_count
dolnośląskie,174
kujawsko-pomorskie,144
lubelskie,214
lubuskie,82
mazowieckie,332
małopolskie,187
opolskie,71
podkarpackie,160
podlaskie,120
pomorskie,123
warmińsko-mazurskie,116
wielkopolskie,231
zachodniopomorskie,113
łódzkie,182
śląskie,167
świętokrzyskie,102
